<?xml version="1.0" encoding="UTF-8"?>
<root>
  <item name="sdk.insert.io.utilities.AndroidUtils.DeviceIdHolder java.lang.String getDeviceId()">
    <annotation name="android.support.annotation.WorkerThread" />
  </item>
  <item name="sdk.insert.io.utilities.InsertUtils boolean showVisualInsert(android.app.Activity, sdk.insert.io.actions.VisualInsert, sdk.insert.io.analytics.GenericInsertAnalyticsData)">
    <annotation name="android.support.annotation.CheckResult" />
  </item>
  <item name="sdk.insert.io.utilities.InsertUtils boolean showVisualInsert(sdk.insert.io.actions.VisualInsert, sdk.insert.io.analytics.GenericInsertAnalyticsData)">
    <annotation name="android.support.annotation.CheckResult" />
  </item>
  <item name="sdk.insert.io.utilities.PredicateUtils boolean isClassMatch(java.lang.String, java.lang.String)">
    <annotation name="android.support.annotation.VisibleForTesting" />
  </item>
  <item name="sdk.insert.io.utilities.PredicateUtils boolean isIndexMatch(java.lang.String, java.lang.String)">
    <annotation name="android.support.annotation.VisibleForTesting" />
  </item>
  <item name="sdk.insert.io.utilities.PredicateUtils boolean isTextMatch(java.lang.String, java.lang.String, sdk.insert.io.events.ConditionData, java.lang.Boolean)">
    <annotation name="android.support.annotation.VisibleForTesting" />
  </item>
  <item name="sdk.insert.io.utilities.PredicateUtils java.lang.String classNameExtractor(java.lang.String)">
    <annotation name="android.support.annotation.VisibleForTesting" />
    <annotation name="android.support.annotation.Nullable" />
  </item>
  <item name="sdk.insert.io.utilities.PredicateUtils java.lang.String indexExtractor(java.lang.String)">
    <annotation name="android.support.annotation.VisibleForTesting" />
    <annotation name="android.support.annotation.Nullable" />
  </item>
  <item name="sdk.insert.io.utilities.PredicateUtils java.lang.String textExtractor(java.lang.String)">
    <annotation name="android.support.annotation.VisibleForTesting" />
    <annotation name="android.support.annotation.Nullable" />
  </item>
  <item name="sdk.insert.io.utilities.ResourceUtils android.graphics.drawable.Drawable getDrawable(int) 0">
    <annotation name="android.support.annotation.DrawableRes" />
  </item>
  <item name="sdk.insert.io.utilities.ResourceUtils int getColor(int)">
    <annotation name="android.support.annotation.ColorInt" />
  </item>
  <item name="sdk.insert.io.utilities.ResourceUtils int getColor(int) 0">
    <annotation name="android.support.annotation.ColorRes" />
  </item>
  <item name="sdk.insert.io.utilities.ResourceUtils java.lang.String getStringForUSLocale(int) 0">
    <annotation name="android.support.annotation.StringRes" />
  </item>
  <item name="sdk.insert.io.utilities.ResourceUtils java.lang.String getStringFromResource(int) 0">
    <annotation name="android.support.annotation.StringRes" />
  </item>
</root>

