<?xml version="1.0" encoding="UTF-8"?>
<root>
  <item name="sdk.insert.io.activities.BaseRxActivity void onCreate(android.os.Bundle)">
    <annotation name="android.support.annotation.CallSuper" />
  </item>
  <item name="sdk.insert.io.activities.BaseRxActivity void onDestroy()">
    <annotation name="android.support.annotation.CallSuper" />
  </item>
  <item name="sdk.insert.io.activities.BaseRxActivity void onPause()">
    <annotation name="android.support.annotation.CallSuper" />
  </item>
  <item name="sdk.insert.io.activities.BaseRxActivity void onResume()">
    <annotation name="android.support.annotation.CallSuper" />
  </item>
  <item name="sdk.insert.io.activities.BaseRxActivity void onStart()">
    <annotation name="android.support.annotation.CallSuper" />
  </item>
  <item name="sdk.insert.io.activities.BaseRxActivity void onStop()">
    <annotation name="android.support.annotation.CallSuper" />
  </item>
</root>

