<?xml version="1.0" encoding="UTF-8"?>
<root>
  <item name="sdk.insert.io.logging.InsertLogger java.lang.String logLevelIntToString(int)">
    <annotation name="android.support.annotation.StringDef">
      <val name="value" val="{sdk.insert.io.logging.InsertLogger.VERBOSE, sdk.insert.io.logging.InsertLogger.INFO, sdk.insert.io.logging.InsertLogger.DEBUG, sdk.insert.io.logging.InsertLogger.WARNING, sdk.insert.io.logging.InsertLogger.ERROR, sdk.insert.io.logging.InsertLogger.ASSERT}" />
    </annotation>
  </item>
  <item name="sdk.insert.io.logging.InsertLogger.LogLevel">
    <annotation name="android.support.annotation.StringDef">
      <val name="value" val="{sdk.insert.io.logging.InsertLogger.VERBOSE, sdk.insert.io.logging.InsertLogger.INFO, sdk.insert.io.logging.InsertLogger.DEBUG, sdk.insert.io.logging.InsertLogger.WARNING, sdk.insert.io.logging.InsertLogger.ERROR, sdk.insert.io.logging.InsertLogger.ASSERT}" />
    </annotation>
  </item>
</root>

