<?xml version="1.0" encoding="UTF-8"?>
<root>
  <item name="sdk.insert.io.information.collectors.device.Network void addNetworksInfo(org.json.JSONObject)">
    <annotation name="android.support.annotation.RequiresPermission">
      <val name="value" val="android.Manifest.permission.ACCESS_NETWORK_STATE" />
    </annotation>
  </item>
  <item name="sdk.insert.io.information.collectors.device.Network void getWifiMacAddress(org.json.JSONObject, org.json.JSONObject)">
    <annotation name="android.support.annotation.RequiresPermission">
      <val name="value" val="android.Manifest.permission.ACCESS_WIFI_STATE" />
    </annotation>
  </item>
</root>

