<?xml version="1.0" encoding="UTF-8"?>
<root>
  <item name="external.sdk.insert.io.tooltip.InsertTooltipManager.Builder bgColor">
    <annotation name="android.support.annotation.ColorInt" />
  </item>
  <item name="external.sdk.insert.io.tooltip.InsertTooltipManager.Builder external.sdk.insert.io.tooltip.InsertTooltipManager.Builder background(int) 0">
    <annotation name="android.support.annotation.ColorInt" />
  </item>
  <item name="external.sdk.insert.io.tooltip.InsertTooltipManager.Builder external.sdk.insert.io.tooltip.InsertTooltipManager.Builder backgroundRes(int) 0">
    <annotation name="android.support.annotation.ColorRes" />
  </item>
  <item name="external.sdk.insert.io.tooltip.InsertTooltipManager.Builder external.sdk.insert.io.tooltip.InsertTooltipManager.Builder maxWidth(android.content.res.Resources, int) 1">
    <annotation name="android.support.annotation.DimenRes" />
  </item>
  <item name="external.sdk.insert.io.tooltip.InsertTooltipManager.Builder external.sdk.insert.io.tooltip.InsertTooltipManager.Builder strokeColor(int) 0">
    <annotation name="android.support.annotation.ColorInt" />
  </item>
  <item name="external.sdk.insert.io.tooltip.InsertTooltipManager.Builder external.sdk.insert.io.tooltip.InsertTooltipManager.Builder strokeColorRes(int) 0">
    <annotation name="android.support.annotation.ColorRes" />
  </item>
  <item name="external.sdk.insert.io.tooltip.InsertTooltipManager.Builder external.sdk.insert.io.tooltip.InsertTooltipManager.Builder textColor(int) 0">
    <annotation name="android.support.annotation.ColorInt" />
  </item>
  <item name="external.sdk.insert.io.tooltip.InsertTooltipManager.Builder external.sdk.insert.io.tooltip.InsertTooltipManager.Builder textResColor(int) 0">
    <annotation name="android.support.annotation.ColorRes" />
  </item>
  <item name="external.sdk.insert.io.tooltip.InsertTooltipManager.Builder strokeColor">
    <annotation name="android.support.annotation.ColorInt" />
  </item>
  <item name="external.sdk.insert.io.tooltip.InsertTooltipManager.Builder textColor">
    <annotation name="android.support.annotation.ColorInt" />
  </item>
  <item name="external.sdk.insert.io.tooltip.InsertTooltipManager.Builder textSize">
    <annotation name="android.support.annotation.Size" />
  </item>
  <item name="external.sdk.insert.io.tooltip.InsertTooltipView textColor">
    <annotation name="android.support.annotation.ColorInt" />
  </item>
  <item name="external.sdk.insert.io.tooltip.InsertTooltipView textSize">
    <annotation name="android.support.annotation.Size" />
  </item>
</root>

