<?xml version="1.0" encoding="UTF-8"?>
<root>
  <item name="sdk.insert.io.reactive.RxFragment void onAttach(android.app.Activity)">
    <annotation name="android.support.annotation.CallSuper" />
  </item>
  <item name="sdk.insert.io.reactive.RxFragment void onCreate(android.os.Bundle)">
    <annotation name="android.support.annotation.CallSuper" />
  </item>
  <item name="sdk.insert.io.reactive.RxFragment void onDestroy()">
    <annotation name="android.support.annotation.CallSuper" />
  </item>
  <item name="sdk.insert.io.reactive.RxFragment void onDestroyView()">
    <annotation name="android.support.annotation.CallSuper" />
  </item>
  <item name="sdk.insert.io.reactive.RxFragment void onDetach()">
    <annotation name="android.support.annotation.CallSuper" />
  </item>
  <item name="sdk.insert.io.reactive.RxFragment void onPause()">
    <annotation name="android.support.annotation.CallSuper" />
  </item>
  <item name="sdk.insert.io.reactive.RxFragment void onResume()">
    <annotation name="android.support.annotation.CallSuper" />
  </item>
  <item name="sdk.insert.io.reactive.RxFragment void onStart()">
    <annotation name="android.support.annotation.CallSuper" />
  </item>
  <item name="sdk.insert.io.reactive.RxFragment void onStop()">
    <annotation name="android.support.annotation.CallSuper" />
  </item>
  <item name="sdk.insert.io.reactive.RxFragment void onViewCreated(android.view.View, android.os.Bundle)">
    <annotation name="android.support.annotation.CallSuper" />
  </item>
</root>

